ok,status,latency_ms,tokens_generated
True,200,4905.533790588379,150
True,200,7991.801023483276,150
True,200,6352.73814201355,150
True,200,6515.439748764038,150
True,200,6458.299160003662,150
True,200,6570.81151008606,150
True,200,6653.370141983032,150
True,200,6554.843187332153,150
True,200,7018.486738204956,150
True,200,6883.361101150513,150
True,200,6336.7931842803955,150
True,200,6545.371294021606,150
True,200,6559.030771255493,150
True,200,6592.059135437012,150
True,200,6664.43943977356,150
True,200,6596.251010894775,150
True,200,6644.842624664307,150
True,200,7563.645362854004,150
True,200,7464.88881111145,150
True,200,6478.407382965088,150
True,200,6307.339191436768,150
True,200,6562.528848648071,150
True,200,6503.003835678101,150
True,200,6284.239053726196,150
True,200,6452.394008636475,150
True,200,6391.716480255127,150
True,200,6409.42907333374,150
True,200,6495.443344116211,150
True,200,6613.106489181519,150
True,200,6520.944356918335,150
True,200,6432.567119598389,150
True,200,6751.668691635132,150
True,200,6669.519662857056,150
True,200,6205.732107162476,150
True,200,6386.718988418579,150
True,200,6669.289112091064,150
True,200,6516.053915023804,150
True,200,6338.375568389893,150
True,200,6369.822978973389,150
True,200,6449.486017227173,150
True,200,6481.913328170776,150
True,200,6619.904518127441,150
True,200,7514.520168304443,150
True,200,7380.7854652404785,150
True,200,6430.694103240967,150
True,200,6373.7523555755615,150
True,200,6447.037696838379,150
True,200,6508.660316467285,150
True,200,6459.15412902832,150
True,200,6468.8780307769775,150
True,200,6485.277414321899,150
True,200,6474.870204925537,150
True,200,6490.076541900635,150
True,200,6484.444856643677,150
True,200,6487.71595954895,150
True,200,6469.531536102295,150
True,200,6468.024015426636,150
True,200,6472.636461257935,150
True,200,6496.168613433838,150
True,200,6612.3950481414795,150
True,200,6599.157094955444,150
True,200,6463.173627853394,150
True,200,6428.61533164978,150
True,200,6426.510334014893,150
True,200,6478.659391403198,150
True,200,6503.854036331177,150
True,200,6423.153400421143,150
True,200,6462.574005126953,150
True,200,6461.434602737427,150
True,200,6455.3282260894775,150
True,200,6533.350706100464,150
True,200,6487.140417098999,150
True,200,6426.94091796875,150
True,200,6445.553302764893,150
True,200,6504.702091217041,150
True,200,6498.481512069702,150
True,200,6500.075578689575,150
True,200,6479.69651222229,150
True,200,6412.1994972229,150
True,200,6533.1711769104,150
True,200,6592.735052108765,150
True,200,6465.592861175537,150
True,200,6464.371919631958,150
True,200,6529.132843017578,150
True,200,6544.385194778442,150
True,200,6563.995361328125,150
True,200,6557.914018630981,150
True,200,6478.912591934204,150
True,200,6411.587476730347,150
True,200,6464.360237121582,150
True,200,6504.6210289001465,150
True,200,6432.416200637817,150
True,200,6458.460330963135,150
True,200,6477.9908657073975,150
True,200,6436.377763748169,150
True,200,6419.541835784912,150
True,200,6372.485637664795,150
True,200,6457.85117149353,150
True,200,6493.980646133423,150
True,200,6534.445762634277,150
True,200,6548.087120056152,150
True,200,6509.546518325806,150
True,200,6480.589866638184,150
True,200,6406.437397003174,150
True,200,6442.012071609497,150
True,200,6524.557113647461,150
True,200,6502.073287963867,150
True,200,6499.746084213257,150
True,200,6614.749431610107,150
True,200,6528.412580490112,150
True,200,6452.670335769653,150
True,200,6484.354019165039,150
True,200,6495.881080627441,150
True,200,6768.231630325317,150
True,200,7495.911121368408,150
True,200,7212.906122207642,150
True,200,6491.515159606934,150
True,200,6516.970157623291,150
True,200,6481.321573257446,150
True,200,6587.334632873535,150
True,200,7485.980987548828,150
True,200,7313.172817230225,150
True,200,6457.434892654419,150
True,200,6555.15456199646,150
True,200,6414.444208145142,150
True,200,6388.799428939819,150
True,200,6509.816646575928,150
True,200,6510.419130325317,150
True,200,6474.082946777344,150
True,200,6491.41263961792,150
True,200,6483.347654342651,150
True,200,6429.123640060425,150
True,200,6486.551761627197,150
True,200,6461.660861968994,150
True,200,6492.157220840454,150
True,200,6561.2452030181885,150
True,200,6502.7899742126465,150
True,200,6424.0522384643555,150
True,200,6465.923309326172,150
True,200,6551.883697509766,150
True,200,6455.848455429077,150
True,200,6492.889404296875,150
True,200,7480.713129043579,150
True,200,7353.269577026367,150
True,200,6681.142330169678,150
True,200,6447.756767272949,150
True,200,6180.759429931641,150
True,200,6464.088439941406,150
True,200,6549.026250839233,150
True,200,6618.905544281006,150
True,200,6463.151931762695,150
True,200,6285.248041152954,150
True,200,6462.738752365112,150
True,200,6559.063196182251,150
True,200,6447.20721244812,150
True,200,6426.424980163574,150
True,200,5710.930109024048,150
True,200,3255.600929260254,150
True,200,3433.227062225342,150
True,200,3301.9187450408936,150
True,200,3108.952283859253,150
True,200,3820.0137615203857,150
True,200,3099.238395690918,150
True,200,3408.766508102417,150
True,200,3442.5196647644043,150
True,200,3493.7963485717773,150
True,200,3518.174648284912,150
True,200,5061.137676239014,150
True,200,3605.4134368896484,150
True,200,3399.444818496704,150
True,200,3236.6034984588623,150
True,200,3444.1847801208496,150
True,200,5339.306592941284,150
True,200,3510.504722595215,150
True,200,6665.544033050537,150
True,200,6812.635183334351,150
True,200,6829.841613769531,150
True,200,6893.1684494018555,150
True,200,6900.322437286377,150
True,200,6883.904695510864,150
True,200,6933.5479736328125,150
True,200,6916.141033172607,150
True,200,6843.257188796997,150
True,200,6912.667036056519,150
True,200,6945.781469345093,150
True,200,6878.301620483398,150
True,200,6875.526189804077,150
True,200,6961.363077163696,150
True,200,6965.967655181885,150
True,200,6961.915493011475,150
True,200,6887.837171554565,150
True,200,6824.763298034668,150
True,200,6911.581754684448,150
True,200,6962.3072147369385,150
True,200,6929.343938827515,150
True,200,6906.960964202881,150
True,200,6965.045213699341,150
True,200,6882.727384567261,150
True,200,6969.4859981536865,150
True,200,6946.896553039551,150
True,200,7054.669380187988,150
True,200,6833.609342575073,150
True,200,6613.6744022369385,150
True,200,6912.140369415283,150
True,200,6889.6307945251465,150
True,200,6889.6284103393555,150
True,200,6901.371717453003,150
True,200,6915.566444396973,150
True,200,6925.283908843994,150
True,200,6882.983446121216,150
True,200,6880.662441253662,150
True,200,6893.831729888916,150
True,200,6901.846408843994,150
True,200,6896.186590194702,150
True,200,6910.7794761657715,150
True,200,6973.142385482788,150
True,200,5504.342794418335,64
True,200,5852.084159851074,150
True,200,7284.84034538269,150
True,200,6917.871713638306,150
True,200,6985.872745513916,150
True,200,6972.589015960693,150
True,200,6871.959209442139,150
True,200,6824.763774871826,150
True,200,6853.67226600647,150
True,200,6902.113437652588,150
True,200,6897.118091583252,150
True,200,6900.487661361694,150
True,200,6919.409513473511,150
True,200,6936.399698257446,150
True,200,6927.408695220947,150
True,200,6925.201416015625,150
True,200,6958.141088485718,150
True,200,6874.579668045044,150
True,200,6912.041187286377,150
True,200,6913.678884506226,150
True,200,6871.556758880615,150
True,200,6941.689729690552,150
True,200,6955.224514007568,150
True,200,6949.6009349823,150
True,200,6945.7995891571045,150
True,200,6891.618013381958,150
True,200,6885.185718536377,150
True,200,6927.784204483032,150
True,200,6916.087865829468,150
True,200,6896.206617355347,150
True,200,6893.9855098724365,150
True,200,6916.443347930908,150
True,200,6916.579008102417,150
True,200,6890.4523849487305,150
True,200,6850.489377975464,150
True,200,6961.604833602905,150
True,200,6975.855588912964,150
True,200,6913.813591003418,150
True,200,6892.595529556274,150
True,200,6871.347904205322,150
True,200,6929.721355438232,150
True,200,7026.070833206177,150
True,200,6857.8832149505615,150
True,200,6752.12287902832,150
True,200,6916.215419769287,150
True,200,6912.588119506836,150
True,200,6898.0958461761475,150
True,200,6909.882068634033,150
True,200,6861.643075942993,150
True,200,6840.70086479187,150
True,200,6895.401477813721,150
True,200,6998.98362159729,150
True,200,6992.082357406616,150
True,200,6914.255857467651,150
True,200,6900.159597396851,150
True,200,6913.402795791626,150
True,200,6916.4135456085205,150
True,200,6900.87366104126,150
True,200,6849.125146865845,150
True,200,6856.968879699707,150
True,200,6920.736789703369,150
True,200,7096.53115272522,150
True,200,6947.968006134033,150
True,200,6870.956659317017,150
True,200,6905.221223831177,150
True,200,6809.862375259399,150
True,200,6865.031719207764,150
True,200,6837.556838989258,150
True,200,6892.211437225342,150
True,200,6942.417860031128,150
True,200,6913.8288497924805,150
True,200,6873.512268066406,150
True,200,6913.765430450439,150
True,200,6893.36895942688,150
True,200,7054.722547531128,150
True,200,6960.802316665649,150
True,200,6686.33770942688,150
True,200,6759.984493255615,150
True,200,6879.2595863342285,150
True,200,6968.495845794678,150
True,200,6894.289016723633,150
True,200,6861.572265625,150
True,200,6924.576044082642,150
True,200,6899.618625640869,150
True,200,6954.061269760132,150
True,200,6970.598459243774,150
True,200,6905.618906021118,150
True,200,6897.744417190552,150
True,200,6931.239128112793,150
True,200,6907.68027305603,150
True,200,6842.245817184448,150
True,200,6971.488952636719,150
True,200,6951.289653778076,150
True,200,6855.0567626953125,150
True,200,6904.1428565979,150
True,200,6891.577243804932,150
True,200,6906.383514404297,150
True,200,6901.729583740234,150
True,200,6888.13591003418,150
True,200,6912.398099899292,150
True,200,6933.3436489105225,150
True,200,6938.717842102051,150
True,200,6903.860569000244,150
True,200,6867.6347732543945,150
True,200,5370.134115219116,150
True,200,3498.110055923462,150
True,200,4223.860740661621,150
True,200,3448.1325149536133,150
True,200,3294.4228649139404,150
True,200,3443.7201023101807,150
True,200,4257.567644119263,150
True,200,3443.9334869384766,150
True,200,3214.618682861328,150
True,200,3416.5072441101074,150
True,200,3257.397174835205,150
True,200,3445.5296993255615,150
True,200,3274.1758823394775,150
True,200,3574.6798515319824,150
True,200,3348.747730255127,150
True,200,3450.446367263794,150
True,200,3246.225118637085,150
True,200,3464.583396911621,150
True,200,3177.943706512451,150
True,200,3466.3150310516357,150
True,200,3235.0072860717773,150
True,200,3485.419511795044,150
True,200,3199.889898300171,150
True,200,3421.1161136627197,150
True,200,3329.990863800049,150
True,200,3447.6535320281982,150
True,200,3188.849687576294,150
True,200,3641.7813301086426,150
True,200,3264.1513347625732,150
True,200,3233.3528995513916,150
True,200,3308.8815212249756,150
True,200,3433.2244396209717,150
True,200,3198.869466781616,150
True,200,3459.08260345459,150
True,200,3196.117639541626,150
True,200,3064.018726348877,150
True,200,3579.5936584472656,150
True,200,3387.3202800750732,150
True,200,3319.8678493499756,150
True,200,3223.963975906372,150
True,200,3448.16517829895,150
True,200,3289.2956733703613,150
True,200,3418.4648990631104,150
True,200,3252.912759780884,150
True,200,3474.0993976593018,150
True,200,3210.9375,150
True,200,3420.6902980804443,150
True,200,3255.0432682037354,150
True,200,3452.6824951171875,150
True,200,3219.1321849823,150
True,200,3459.6526622772217,150
True,200,3247.607469558716,150
True,200,3461.2808227539062,150
True,200,3312.694549560547,150
True,200,3452.0554542541504,150
True,200,3311.4843368530273,150
True,200,3430.906057357788,150
True,200,3352.9539108276367,150
True,200,3465.822696685791,150
True,200,3246.236562728882,150
True,200,3428.509473800659,150
True,200,4133.608102798462,150
True,200,3456.773042678833,150
True,200,3246.476173400879,150
True,200,3465.251684188843,150
True,200,3289.8292541503906,150
True,200,3447.299003601074,150
True,200,3223.421812057495,150
True,200,3525.522232055664,150
True,200,3190.4726028442383,150
True,200,3398.627281188965,150
True,200,3213.7770652770996,150
True,200,3464.6613597869873,150
True,200,3285.76397895813,150
True,200,3481.273651123047,150
True,200,3246.1071014404297,150
True,200,2938.75789642334,150
True,200,3732.9108715057373,150
True,200,3212.1763229370117,150
True,200,3543.330192565918,150
True,200,3219.548463821411,150
True,200,3384.242296218872,150
True,200,3341.742515563965,150
True,200,3442.4378871917725,150
True,200,3284.1763496398926,150
True,200,3463.059663772583,150
True,200,3192.122459411621,150
True,200,3442.6844120025635,150
True,200,3238.8577461242676,150
True,200,3463.1855487823486,150
True,200,3237.1528148651123,150
True,200,3424.358129501343,150
True,200,3255.584716796875,150
True,200,3458.4598541259766,150
True,200,3187.798023223877,150
True,200,3440.98162651062,150
True,200,3271.285057067871,150
True,200,3414.9508476257324,150
True,200,3269.885301589966,150
True,200,3474.653959274292,150
True,200,3151.5393257141113,150
True,200,3437.148332595825,150
True,200,3334.2416286468506,150
True,200,3439.97859954834,150
True,200,3182.3034286499023,150
True,200,3440.7222270965576,150
True,200,3269.725799560547,150
True,200,3468.770980834961,150
True,200,3221.851110458374,150
True,200,3030.7412147521973,150
True,200,3640.4476165771484,150
True,200,3205.8727741241455,150
True,200,3508.1279277801514,150
True,200,3303.825616836548,150
True,200,3439.074754714966,150
True,200,3224.2519855499268,150
True,200,3375.8037090301514,150
True,200,3192.0289993286133,150
True,200,3451.37619972229,150
True,200,3259.8888874053955,150
True,200,3461.942434310913,150
True,200,3257.810592651367,150
True,200,3456.0742378234863,150
True,200,3302.096128463745,150
True,200,3448.6894607543945,150
True,200,3317.6283836364746,150
True,200,3428.5130500793457,150
True,200,3236.0804080963135,150
True,200,3462.3043537139893,150
True,200,3245.138168334961,150
True,200,3408.289670944214,150
True,200,3283.031225204468,150
True,200,3564.711809158325,150
True,200,3195.6746578216553,150
True,200,3338.2577896118164,150
True,200,3268.7275409698486,150
True,200,3453.2198905944824,150
True,200,3200.5271911621094,150
True,200,3452.4033069610596,150
True,200,3273.489475250244,150
True,200,3472.238779067993,150
True,200,3291.231870651245,150
True,200,2895.5636024475098,150
True,200,3751.1184215545654,150
True,200,3523.895025253296,150
True,200,3380.486011505127,150
True,200,3407.2201251983643,150
True,200,4461.9011878967285,150
True,200,3395.1785564422607,150
True,200,3147.5484371185303,150
True,200,3450.2978324890137,150
True,200,3318.291664123535,150
True,200,3490.0989532470703,150
True,200,3166.2039756774902,150
True,200,2919.414758682251,150
True,200,3854.584217071533,150
True,200,3083.9617252349854,150
True,200,3610.3808879852295,150
True,200,3335.268497467041,150
True,200,3513.237476348877,150
True,200,3445.4803466796875,150
True,200,4509.378671646118,150
True,200,3443.5513019561768,150
True,200,3274.5163440704346,150
True,200,3452.1031379699707,150
True,200,3211.676597595215,150
True,200,3471.1008071899414,150
True,200,3287.628412246704,150
True,200,2911.472797393799,150
True,200,3765.34104347229,150
True,200,3101.412296295166,150
True,200,3533.2610607147217,150
True,200,3292.780876159668,150
True,200,3335.5023860931396,150
True,200,3287.135124206543,150
True,200,3450.728416442871,150
True,200,3255.2437782287598,150
True,200,3446.347713470459,150
True,200,3207.3981761932373,150
True,200,3458.0249786376953,150
True,200,3298.826217651367,150
True,200,3438.8227462768555,150
True,200,3280.1859378814697,150
True,200,3491.497755050659,150
True,200,3226.170063018799,150
True,200,3438.5275840759277,150
True,200,3208.5461616516113,150
True,200,3495.950698852539,150
True,200,3262.908935546875,150
True,200,3428.844928741455,150
True,200,3242.111921310425,150
True,200,3648.6141681671143,150
True,200,3318.030595779419,150
True,200,3265.5556201934814,150
True,200,3296.0731983184814,150
True,200,3423.5360622406006,150
True,200,3310.861825942993,150
True,200,3495.332956314087,150
True,200,4158.803701400757,150
True,200,3471.498966217041,150
True,200,3208.790063858032,150
True,200,3462.466239929199,150
True,200,3421.2746620178223,150
True,200,3412.0771884918213,150
True,200,3187.885284423828,150
True,200,3597.2142219543457,150
True,200,3446.1793899536133,150
True,200,3490.534782409668,150
True,200,3172.46675491333,150
True,200,3537.2190475463867,150
True,200,3358.927011489868,150
True,200,3390.0411128997803,150
True,200,3443.6862468719482,150
True,200,2804.9089908599854,150
True,200,3497.6682662963867,150
True,200,3357.2816848754883,150
True,200,3493.340015411377,150
True,200,3441.707134246826,150
True,200,4507.705926895142,150
True,200,3461.329698562622,150
True,200,3432.9164028167725,150
True,200,3423.9463806152344,150
True,200,3228.238582611084,150
True,200,3627.873420715332,150
True,200,3187.694311141968,150
True,200,2908.0915451049805,150
True,200,3864.3200397491455,150
True,200,3524.4359970092773,150
True,200,3255.2034854888916,150
True,200,3370.598316192627,150
True,200,3125.0171661376953,150
True,200,3502.488613128662,150
True,200,4750.721216201782,150
True,200,3191.4429664611816,150
True,200,2784.9223613739014,150
True,200,3191.3037300109863,150
True,200,3494.5342540740967,150
True,200,3499.0668296813965,150
True,200,3447.8814601898193,150
True,200,3207.6566219329834,150
True,200,3715.8167362213135,150
True,200,3219.1219329833984,150
True,200,3240.6861782073975,150
True,200,3266.235589981079,150
True,200,3481.464147567749,150
True,200,3261.4099979400635,150
True,200,3445.2121257781982,150
True,200,3245.0156211853027,150
True,200,3533.0147743225098,150
True,200,3192.401647567749,150
True,200,3349.804162979126,150
True,200,3436.249017715454,150
True,200,3463.1693363189697,150
True,200,3196.8233585357666,150
True,200,3433.014154434204,150
True,200,3273.7574577331543,150
True,200,2910.170078277588,150
True,200,3739.5269870758057,150
True,200,3155.393362045288,150
True,200,3702.6538848876953,150
True,200,3329.784631729126,150
True,200,3193.6581134796143,150
True,200,3344.13480758667,150
True,200,3422.9159355163574,150
True,200,3236.4814281463623,150
True,200,3467.7863121032715,150
True,200,3275.2866744995117,150
True,200,3423.445224761963,150
True,200,3230.7381629943848,150
True,200,3503.6444664001465,150
True,200,3228.5549640655518,150
True,200,3430.3040504455566,150
True,200,3358.036756515503,150
True,200,3444.517135620117,150
True,200,3229.2468547821045,150
True,200,3432.8672885894775,150
True,200,3246.504783630371,150
True,200,3459.4411849975586,150
True,200,3197.1023082733154,150
True,200,3468.78981590271,150
True,200,3253.795385360718,150
True,200,3493.278741836548,150
True,200,3197.7031230926514,150
True,200,3412.633180618286,150
True,200,3400.851249694824,150
True,200,3446.1135864257812,150
True,200,3248.5644817352295,150
True,200,3459.5863819122314,150
True,200,3135.7648372650146,150
True,200,3459.3453407287598,150
True,200,3210.1919651031494,150
True,200,3136.403799057007,150
True,200,3604.8755645751953,150
True,200,3349.38907623291,150
True,200,3487.4703884124756,150
True,200,3255.270481109619,150
True,200,3298.931837081909,150
True,200,3234.7733974456787,150
True,200,3415.18235206604,150
True,200,3306.431770324707,150
True,200,3443.812847137451,150
True,200,3183.6044788360596,150
True,200,3449.517011642456,150
True,200,3273.72407913208,150
True,200,3473.601818084717,150
True,200,3196.7897415161133,150
True,200,3510.3671550750732,150
True,200,3238.769769668579,150
True,200,3402.6076793670654,150
True,200,3273.643732070923,150
True,200,3457.6756954193115,150
True,200,3184.8573684692383,150
True,200,3502.4564266204834,150
True,200,3219.7372913360596,150
True,200,3396.761178970337,150
True,200,3287.4152660369873,150
True,200,3449.2738246917725,150
True,200,3226.4111042022705,150
True,200,3475.8052825927734,150
True,200,3306.5428733825684,150
True,200,3423.7890243530273,150
True,200,3293.034076690674,150
True,200,2930.2408695220947,150
True,200,3691.3540363311768,150
True,200,3439.8651123046875,150
True,200,3255.999803543091,150
True,200,3261.0576152801514,150
True,200,3436.4633560180664,150
True,200,3234.863758087158,150
True,200,3480.4279804229736,150
True,200,3239.7212982177734,150
True,200,3386.5010738372803,150
True,200,3286.6811752319336,150
True,200,3512.779712677002,150
True,200,3246.4237213134766,150
True,200,3494.114637374878,150
True,200,3241.986036300659,150
True,200,3437.795400619507,150
True,200,3219.961404800415,150
True,200,3422.114610671997,150
True,200,3235.35418510437,150
True,200,3474.38645362854,150
True,200,3386.868476867676,150
True,200,3405.8830738067627,150
True,200,3140.446186065674,150
True,200,3453.768730163574,150
True,200,3253.9966106414795,150
True,200,3446.81715965271,150
True,200,3310.037612915039,150
True,200,3468.724250793457,150
True,200,3251.894235610962,150
True,200,3466.7460918426514,150
True,200,3214.120388031006,150
True,200,2866.241693496704,150
True,200,3895.650863647461,150
True,200,2969.639301300049,150
True,200,3654.4103622436523,150
True,200,3396.08097076416,150
True,200,3253.8766860961914,150
True,200,3241.530418395996,150
True,200,3449.134111404419,150
True,200,3297.6417541503906,150
True,200,3740.643262863159,150
True,200,3237.6551628112793,150
True,200,3452.2924423217773,150
True,200,3262.049436569214,150
True,200,3373.002052307129,150
True,200,3257.53116607666,150
True,200,3417.8030490875244,150
True,200,3217.0639038085938,150
True,200,3465.3546810150146,150
True,200,3206.759214401245,150
True,200,3462.84818649292,150
True,200,3176.5685081481934,150
True,200,3504.739761352539,150
True,200,3240.7209873199463,150
True,200,3451.6332149505615,150
True,200,3293.046236038208,150
True,200,3399.646043777466,150
True,200,3199.3393898010254,150
True,200,3455.1706314086914,150
True,200,3231.6277027130127,150
True,200,3465.372085571289,150
True,200,3362.365245819092,150
True,200,2943.685531616211,150
True,200,3606.6746711730957,150
True,200,3404.6311378479004,150
True,200,3294.2137718200684,150
True,200,3253.4873485565186,150
True,200,3462.3937606811523,150
True,200,3242.42901802063,150
True,200,3444.6446895599365,150
True,200,3224.5914936065674,150
True,200,3464.202642440796,150
True,200,3262.226343154907,150
True,200,3448.578357696533,150
True,200,3232.8407764434814,150
True,200,3518.2583332061768,150
True,200,3522.430658340454,150
True,200,3383.894443511963,150
True,200,3098.1502532958984,150
True,200,3453.2735347747803,150
True,200,3248.927593231201,150
True,200,3456.705093383789,150
True,200,3274.667501449585,150
True,200,3433.8791370391846,150
True,200,3235.1293563842773,150
True,200,3454.1728496551514,150
True,200,3260.650873184204,150
True,200,3496.9544410705566,150
True,200,3225.8338928222656,150
True,200,3363.7025356292725,150
True,200,3216.834545135498,150
True,200,3446.6938972473145,150
True,200,3227.604389190674,150
True,200,3423.488140106201,150
True,200,3248.5227584838867,150
True,200,3043.6720848083496,150
True,200,3740.175724029541,150
True,200,3187.2456073760986,150
True,200,3528.9595127105713,150
True,200,3330.4667472839355,150
True,200,3343.554735183716,150
True,200,3618.915796279907,150
True,200,4076.2083530426025,150
True,200,2862.2829914093018,150
True,200,3814.9263858795166,150
True,200,3098.97518157959,150
True,200,3598.6058712005615,150
True,200,3374.0170001983643,150
True,200,3325.2358436584473,150
True,200,3514.1172409057617,150
True,200,4484.265089035034,150
True,200,1730.536699295044,62
True,200,3402.0655155181885,150
True,200,3839.9035930633545,150
True,200,3427.725076675415,150
True,200,3270.3635692596436,150
True,200,3529.827117919922,150
True,200,3296.2586879730225,150
True,200,3422.0728874206543,150
True,200,3146.524667739868,150
True,200,3494.7683811187744,150
True,200,3262.8276348114014,150
True,200,3433.2704544067383,150
True,200,3231.605291366577,150
True,200,3428.6577701568604,150
True,200,3235.3060245513916,150
True,200,3444.4193840026855,150
True,200,3236.9701862335205,150
True,200,3437.1674060821533,150
True,200,3307.831048965454,150
True,200,3455.6238651275635,150
True,200,3260.636329650879,150
True,200,2496.6697692871094,90
True,200,3247.7729320526123,150
True,200,3404.808282852173,150
True,200,3264.420747756958,150
True,200,3481.755256652832,150
True,200,3158.611297607422,150
True,200,3460.674524307251,150
True,200,3311.92946434021,150
True,200,3394.8144912719727,150
True,200,3237.365484237671,150
True,200,3462.329149246216,150
True,200,3263.601303100586,150
True,200,3455.2457332611084,150
True,200,3230.809450149536,150
True,200,1776.0775089263916,64
True,200,3508.8460445404053,150
True,200,4005.825996398926,150
True,200,3392.5914764404297,150
True,200,3176.1248111724854,150
True,200,3456.087112426758,150
True,200,1974.1575717926025,60
True,200,3254.270076751709,150
True,200,3156.147241592407,150
True,200,4063.3363723754883,150
True,200,3327.103614807129,150
True,200,3363.2402420043945,150
True,200,3258.0878734588623,150
True,200,3406.846046447754,150
True,200,3253.2269954681396,150
True,200,3460.4291915893555,150
True,200,3216.635227203369,150
True,200,3412.6508235931396,150
True,200,3215.013027191162,150
True,200,3484.905958175659,150
True,200,3301.9039630889893,150
True,200,3464.0276432037354,150
True,200,3297.9400157928467,150
True,200,3414.2754077911377,150
True,200,3215.359687805176,150
True,200,3455.3308486938477,150
True,200,3251.688003540039,150
True,200,3406.4903259277344,150
True,200,3217.5822257995605,150
True,200,3588.8917446136475,150
True,200,3223.428726196289,150
True,200,3436.478853225708,150
True,200,3278.6362171173096,150
True,200,3437.964677810669,150
True,200,3244.196653366089,150
True,200,3488.604784011841,150
True,200,3179.89182472229,150
True,200,2874.8691082000732,150
True,200,3855.5870056152344,150
True,200,3077.409029006958,150
True,200,3620.1932430267334,150
True,200,3390.434741973877,150
True,200,3276.5820026397705,150
True,200,3236.1807823181152,150
True,200,3453.702449798584,150
True,200,3229.703187942505,150
True,200,3488.7566566467285,150
True,200,3206.9172859191895,150
True,200,3462.4979496002197,150
True,200,3227.4534702301025,150
True,200,3479.083776473999,150
True,200,3233.7825298309326,150
True,200,3476.447582244873,150
True,200,3201.13205909729,150
True,200,3605.4859161376953,150
True,200,3297.9071140289307,150
True,200,3256.256103515625,150
True,200,3201.853036880493,150
True,200,3509.498357772827,150
True,200,3242.7148818969727,150
True,200,3362.0381355285645,150
True,200,3308.3407878875732,150
True,200,3455.806016921997,150
True,200,3248.9919662475586,150
True,200,3430.6328296661377,150
True,200,3258.7785720825195,150
True,200,3513.1959915161133,150
True,200,3298.746347427368,150
True,200,3386.3749504089355,150
True,200,3295.6156730651855,150
True,200,2859.8389625549316,150
True,200,3720.8375930786133,150
True,200,3171.877384185791,150
True,200,3573.690176010132,150
True,200,3324.40447807312,150
True,200,3306.739330291748,150
True,200,3283.311605453491,150
True,200,3470.4039096832275,150
True,200,3230.3128242492676,150
True,200,3423.5033988952637,150
True,200,3268.310785293579,150
True,200,3484.6627712249756,150
True,200,3173.6855506896973,150
True,200,3441.8814182281494,150
True,200,3228.1899452209473,150
True,200,3439.136505126953,150
True,200,3339.177370071411,150
True,200,3451.418876647949,150
True,200,3210.1471424102783,150
True,200,3458.0938816070557,150
True,200,3240.8993244171143,150
True,200,3414.2520427703857,150
True,200,3304.488182067871,150
True,200,3484.1136932373047,150
True,200,3224.68900680542,150
True,200,3452.4078369140625,150
True,200,3213.757038116455,150
True,200,3481.7898273468018,150
True,200,3255.6142807006836,150
True,200,3462.287187576294,150
True,200,3286.8404388427734,150
True,200,3417.288303375244,150
True,200,3179.8863410949707,150
True,200,2978.7278175354004,150
True,200,3682.673215866089,150
True,200,3187.2777938842773,150
True,200,3593.8539505004883,150
True,200,3327.5766372680664,150
True,200,3296.590566635132,150
True,200,3270.656108856201,150
True,200,3440.516948699951,150
True,200,3197.8352069854736,150
True,200,3458.644151687622,150
True,200,3268.1729793548584,150
True,200,3414.5710468292236,150
True,200,2084.6667289733887,64
True,200,3109.208106994629,150
True,200,3660.3569984436035,150
True,200,3491.2588596343994,150
True,200,3664.872884750366,150
True,200,4463.299989700317,150
True,200,3423.473358154297,150
True,200,3178.5354614257812,150
True,200,3455.876588821411,150
True,200,3314.164400100708,150
True,200,2884.0699195861816,150
True,200,3731.931447982788,150
True,200,3168.0634021759033,150
True,200,3543.067693710327,150
True,200,3402.350902557373,150
True,200,3339.9038314819336,150
True,200,3498.7387657165527,150
True,200,4564.486742019653,150
True,200,3470.8876609802246,150
True,200,3207.0937156677246,150
True,200,3461.7323875427246,150
True,200,3192.296028137207,150
True,200,2898.289442062378,150
True,200,3837.4316692352295,150
True,200,3098.8028049468994,150
True,200,3628.295660018921,150
True,200,3365.7827377319336,150
True,200,3235.987901687622,150
True,200,3211.0800743103027,150
True,200,3456.146001815796,150
True,200,3403.1853675842285,150
True,200,3441.89453125,150
True,200,3221.8847274780273,150
True,200,3457.660913467407,150
True,200,1765.0892734527588,64
True,200,3527.503728866577,150
True,200,3714.925527572632,150
True,200,3440.380573272705,150
True,200,3195.3940391540527,150
True,200,3469.634532928467,150
True,200,3235.0378036499023,150
True,200,3423.9587783813477,150
True,200,3262.1841430664062,150
True,200,3492.856979370117,150
True,200,3341.8915271759033,150
True,200,2871.7734813690186,150
True,200,3811.8789196014404,150
True,200,3076.7078399658203,150
True,200,3544.481039047241,150
True,200,3306.6043853759766,150
True,200,3477.508783340454,150
True,200,3450.472831726074,150
True,200,4592.68856048584,150
True,200,3519.3045139312744,150
True,200,3253.755569458008,150
True,200,3442.5580501556396,150
True,200,3192.829370498657,150
True,200,3450.2036571502686,150
True,200,3416.736841201782,150
True,200,2840.402841567993,150
True,200,3666.1605834960938,150
True,200,3245.668888092041,150
True,200,3509.1049671173096,150
True,200,3310.389518737793,150
True,200,3396.719217300415,150
True,200,3282.4270725250244,150
True,200,3478.8520336151123,150
True,200,3209.019422531128,150
True,200,3450.122117996216,150
True,200,3181.6399097442627,150
True,200,3610.0010871887207,150
True,200,3234.9865436553955,150
True,200,3245.3324794769287,150
True,200,3296.8289852142334,150
True,200,3454.4551372528076,150
True,200,3290.053367614746,150
True,200,3717.0345783233643,150
True,200,3445.39213180542,150
True,200,3245.820999145508,150
True,200,3277.115821838379,150
True,200,3490.6165599823,150
True,200,3229.952335357666,150
True,200,3418.097972869873,150
True,200,3200.3467082977295,150
True,200,3464.8544788360596,150
True,200,3255.5620670318604,150
True,200,3395.838499069214,150
True,200,3244.8551654815674,150
True,200,3549.7846603393555,150
True,200,3344.036817550659,150
True,200,3517.308235168457,150
True,200,3463.8774394989014,150
True,200,3276.240110397339,150
True,200,3165.4443740844727,150
True,200,3669.6887016296387,150
True,200,3437.1728897094727,150
True,200,3008.556127548218,150
True,200,3656.355857849121,150
True,200,3305.025577545166,150
True,200,3520.238161087036,150
True,200,3480.9772968292236,150
True,200,4743.051767349243,150
True,200,3378.9772987365723,150
True,200,3448.7359523773193,150
True,200,3266.7274475097656,150
True,200,3210.6523513793945,150
True,200,3695.9221363067627,150
True,200,3450.998544692993,150
True,200,3487.9813194274902,150
True,200,3172.9986667633057,150
True,200,3165.4326915740967,150
True,200,3460.719108581543,150
True,200,3409.315347671509,150
True,200,3381.8016052246094,150
True,200,3662.1079444885254,150
True,200,3394.841194152832,150
True,200,3427.516460418701,150
True,200,3275.5823135375977,150
True,200,3532.834053039551,150
True,200,3096.6262817382812,150
True,200,3481.8038940429688,150
True,200,3354.5451164245605,150
True,200,3379.387855529785,150
True,200,4631.400108337402,150
True,200,3746.3138103485107,150
True,200,3172.445297241211,150
True,200,3318.699359893799,150
True,200,3204.5159339904785,150
True,200,3378.9210319519043,150
True,200,3326.8611431121826,150
True,200,3311.142683029175,150
True,200,3316.6542053222656,150
True,200,2926.18989944458,150
True,200,3551.8195629119873,150
True,200,3428.088426589966,150
True,200,3337.362766265869,150
True,200,3573.6496448516846,150
True,200,4578.895807266235,150
True,200,3407.515525817871,150
True,200,3448.1165409088135,150
True,200,3394.4382667541504,150
True,200,3131.6940784454346,150
True,200,4326.637744903564,150
True,200,5073.604345321655,150
True,200,4986.88006401062,150
True,200,6856.248378753662,150
True,200,6901.2291431427,150
True,200,6891.965866088867,150
True,200,7130.105972290039,150
True,200,6878.7384033203125,150
True,200,6638.242244720459,150
True,200,5156.735897064209,150
True,200,3450.4806995391846,150
True,200,3312.786817550659,150
True,200,3445.9450244903564,150
True,200,3285.752773284912,150
True,200,3439.5751953125,150
True,200,3210.8800411224365,150
True,200,3441.7483806610107,150
True,200,3263.225793838501,150
True,200,3432.637929916382,150
True,200,3163.762331008911,150
True,200,3470.653772354126,150
True,200,3289.62779045105,150
True,200,2919.6431636810303,150
True,200,3691.725492477417,150
True,200,3203.068733215332,150
True,200,3543.4274673461914,150
True,200,3325.226068496704,150
True,200,3384.0818405151367,150
True,200,3253.2711029052734,150
True,200,3413.3424758911133,150
True,200,3249.300956726074,150
True,200,3442.7273273468018,150
True,200,3208.621025085449,150
True,200,3446.256160736084,150
True,200,3159.499406814575,150
True,200,3624.9659061431885,150
True,200,3504.5032501220703,150
True,200,3461.4572525024414,150
True,200,3352.612018585205,150
True,200,3266.7911052703857,150
True,200,3104.6900749206543,150
True,200,3464.4932746887207,150
True,200,3481.9798469543457,150
True,200,3455.268621444702,150
True,200,3181.495189666748,150
True,200,3451.0128498077393,150
True,200,3276.918649673462,150
True,200,3453.7978172302246,150
True,200,3212.498426437378,150
True,200,3483.6370944976807,150
True,200,3226.7048358917236,150
True,200,3432.5337409973145,150
True,200,4223.4368324279785,150
True,200,3439.9843215942383,150
True,200,3203.4201622009277,150
True,200,3746.48118019104,150
True,200,3221.752882003784,150
True,200,3191.460371017456,150
True,200,3221.9998836517334,150
True,200,3417.356252670288,150
True,200,3288.128137588501,150
True,200,3421.011209487915,150
True,200,3152.024507522583,150
True,200,3450.2296447753906,150
True,200,3247.3232746124268,150
True,200,3447.885274887085,150
True,200,3310.157060623169,150
True,200,3164.9208068847656,150
True,200,3677.863836288452,150
True,200,3305.6070804595947,150
True,200,3277.7562141418457,150
True,200,3247.4632263183594,150
True,200,3443.3071613311768,150
True,200,3194.415330886841,150
True,200,3676.682949066162,150
True,200,3505.8369636535645,150
True,200,3226.616621017456,150
True,200,3152.2610187530518,150
True,200,3431.795358657837,150
True,200,3267.0814990997314,150
True,200,3477.325201034546,150
True,200,3489.7379875183105,150
True,200,3468.7891006469727,150
True,200,3161.6954803466797,150
True,200,3458.376169204712,150
True,200,3198.7571716308594,150
True,200,3507.9104900360107,150
True,200,3273.8523483276367,150
True,200,3595.3547954559326,150
True,200,3246.229887008667,150
True,200,3260.8089447021484,150
True,200,3474.1005897521973,150
True,200,3633.098840713501,150
True,200,3248.45027923584,150
True,200,3621.023654937744,150
True,200,3236.7825508117676,150
True,200,3555.29522895813,150
True,200,3305.375099182129,150
True,200,3235.077142715454,150
True,200,3193.6583518981934,150
True,200,3484.174966812134,150
True,200,3251.555919647217,150
True,200,2851.586103439331,150
True,200,3498.8760948181152,150
True,200,3103.1670570373535,150
True,200,3596.881866455078,150
True,200,3343.466281890869,150
True,200,3499.1796016693115,150
True,200,3421.4537143707275,150
True,200,6998.189449310303,150
True,200,7128.042459487915,150
True,200,6808.325529098511,150
True,200,6708.486318588257,150
True,200,6893.076658248901,150
True,200,6906.836748123169,150
True,200,7144.373178482056,150
True,200,6887.9430294036865,150
True,200,6634.878635406494,150
True,200,4399.807691574097,150
True,200,3441.842555999756,150
True,200,3240.6680583953857,150
True,200,3446.057081222534,150
True,200,3259.5651149749756,150
True,200,2899.2626667022705,150
True,200,3796.6246604919434,150
True,200,3094.878673553467,150
True,200,3567.7196979522705,150
True,200,3369.008779525757,150
True,200,3305.5357933044434,150
True,200,3522.2883224487305,150
True,200,4755.887269973755,150
True,200,3478.3225059509277,150
True,200,3277.656316757202,150
True,200,3665.191411972046,150
True,200,4131.8910121917725,150
True,200,3481.419801712036,150
True,200,3492.842674255371,150
True,200,3199.2175579071045,150
True,200,3408.0612659454346,150
True,200,3488.9018535614014,150
True,200,3227.719306945801,150
True,200,3659.724235534668,150
True,200,3215.8539295196533,150
True,200,3235.2728843688965,150
True,200,3166.6812896728516,150
True,200,3439.9142265319824,150
True,200,3263.660669326782,150
True,200,3639.294147491455,150
True,200,3510.3917121887207,150
True,200,3249.1414546966553,150
True,200,3378.3276081085205,150
True,200,3464.8523330688477,150
True,200,3177.371025085449,150
True,200,3054.78572845459,150
True,200,3824.70703125,150
True,200,3077.683210372925,150
True,200,3466.484308242798,150
True,200,3432.8222274780273,150
True,200,3239.166259765625,150
True,200,3474.0593433380127,150
True,200,4787.372827529907,150
True,200,3452.5206089019775,150
True,200,3540.1370525360107,150
True,200,3420.696020126343,150
True,200,3257.5085163116455,150
True,200,3466.7627811431885,150
True,200,3163.3424758911133,150
True,200,3673.403024673462,150
True,200,3284.7557067871094,150
True,200,3197.301149368286,150
True,200,3273.86736869812,150
True,200,2841.503143310547,150
True,200,4002.365827560425,150
True,200,3117.9699897766113,150
True,200,3695.8470344543457,150
True,200,3301.3367652893066,150
True,200,4496.683359146118,150
True,200,3454.854726791382,150
True,200,3201.4408111572266,150
True,200,3640.5880451202393,150
True,200,3335.4125022888184,150
True,200,3227.4348735809326,150
True,200,3480.5662631988525,150
True,200,3448.7757682800293,150
True,200,3924.6296882629395,150
True,200,3437.803030014038,150
True,200,3210.1097106933594,150
True,200,3739.7913932800293,150
True,200,3344.320058822632,150
True,200,3189.535140991211,150
True,200,3463.898181915283,150
True,200,3465.847969055176,150
True,200,3205.331802368164,150
True,200,3621.6788291931152,150
True,200,3197.520971298218,150
True,200,2889.1942501068115,150
True,200,3607.1956157684326,150
True,200,3103.780508041382,150
True,200,3557.7001571655273,150
True,200,3607.829809188843,150
True,200,3494.053363800049,150
True,200,3313.673496246338,150
True,200,4341.145277023315,150
True,200,3458.7457180023193,150
True,200,3490.61918258667,150
True,200,3622.723340988159,150
True,200,3185.2192878723145,150
True,200,3452.9504776000977,150
True,200,3490.131378173828,150
True,200,3468.027114868164,150
True,200,3256.901741027832,150
True,200,3046.356439590454,150
True,200,3691.037893295288,150
True,200,3044.6383953094482,150
True,200,3397.1571922302246,150
True,200,3357.027769088745,150
True,200,3278.716564178467,150
True,200,3512.061595916748,150
True,200,4792.426824569702,150
True,200,3467.1385288238525,150
True,200,3143.2108879089355,150
True,200,3439.767599105835,150
True,200,3339.1571044921875,150
True,200,3661.70072555542,150
True,200,3413.7115478515625,150
True,200,3446.9146728515625,150
True,200,3415.9395694732666,150
True,200,3239.1116619110107,150
True,200,3215.7294750213623,150
True,200,2806.0684204101562,150
True,200,3820.9095001220703,150
True,200,3072.7336406707764,150
True,200,3634.9058151245117,150
True,200,3438.992977142334,150
True,200,3284.212827682495,150
True,200,3458.986520767212,150
True,200,3457.061290740967,150
True,200,3249.7289180755615,150
True,200,3440.6189918518066,150
True,200,3175.3528118133545,150
True,200,3434.7007274627686,150
True,200,3391.9456005096436,150
True,200,3462.087631225586,150
True,200,3399.6286392211914,150
True,200,3697.4380016326904,150
True,200,3146.681070327759,150
True,200,3238.5048866271973,150
True,200,3289.754867553711,150
True,200,3703.90248298645,150
True,200,2297.1668243408203,99
True,200,3183.4969520568848,150
True,200,3175.1654148101807,150
True,200,3432.6586723327637,150
True,200,3330.4622173309326,150
True,200,3464.8797512054443,150
True,200,3193.941354751587,150
True,200,2855.8919429779053,150
True,200,3840.7821655273438,150
True,200,3029.9177169799805,150
True,200,3668.360710144043,150
True,200,3630.765438079834,150
True,200,3407.3233604431152,150
True,200,3435.305595397949,150
True,200,4551.346778869629,150
True,200,3294.259786605835,150
True,200,3148.5610008239746,150
True,200,3428.098201751709,150
True,200,3259.530782699585,150
True,200,3643.634557723999,150
True,200,3376.894474029541,150
True,200,3237.245798110962,150
True,200,3176.571846008301,150
True,200,3254.6610832214355,150
True,200,3728.781223297119,150
True,200,3264.3730640411377,150
True,200,3357.2335243225098,150
True,200,3716.273069381714,150
True,200,4620.315074920654,150
True,200,3221.6696739196777,150
True,200,3265.0043964385986,150
True,200,3513.627767562866,150
True,200,3167.0432090759277,150
True,200,3415.289878845215,150
True,200,3276.3636112213135,150
True,200,3222.1953868865967,150
True,200,3803.38191986084,150
True,200,3220.07417678833,150
True,200,3364.410638809204,150
True,200,3452.7900218963623,150
True,200,4100.68154335022,150
True,200,3446.3884830474854,150
True,200,3248.8677501678467,150
True,200,2893.6517238616943,150
True,200,3853.7683486938477,150
True,200,3253.376007080078,150
True,200,3644.9451446533203,150
True,200,3458.171844482422,150
True,200,4598.413705825806,150
True,200,3448.373794555664,150
True,200,3370.6836700439453,150
True,200,3327.68177986145,150
True,200,3360.491991043091,150
True,200,3363.2328510284424,150
True,200,3259.8891258239746,150
True,200,3475.2259254455566,150
True,200,3166.489362716675,150
True,200,3645.7855701446533,150
True,200,3515.3491497039795,150
True,200,2836.4248275756836,150
True,200,3766.1890983581543,150
True,200,3234.611749649048,150
True,200,3611.316919326782,150
True,200,3225.5313396453857,150
True,200,4589.2815589904785,150
True,200,3899.3239402770996,150
True,200,3162.412166595459,150
True,200,3668.7707901000977,150
True,200,3202.2783756256104,150
True,200,2993.9422607421875,150
True,200,3297.4040508270264,150
True,200,3261.700391769409,150
True,200,3164.4270420074463,150
True,200,3238.2519245147705,150
True,200,3674.6933460235596,150
True,200,3478.5971641540527,150
True,200,3408.3945751190186,150
True,200,3236.7849349975586,150
True,200,4457.254648208618,150
True,200,3436.140775680542,150
True,200,3272.86696434021,150
True,200,3467.916250228882,150
True,200,3464.4062519073486,150
True,200,3494.452953338623,150
True,200,3121.4287281036377,150
True,200,3524.9173641204834,150
True,200,3273.6308574676514,150
True,200,3007.474422454834,150
True,200,3700.9637355804443,150
True,200,3218.3070182800293,150
True,200,3521.148920059204,150
True,200,3209.3019485473633,150
True,200,3400.32958984375,150
True,200,3351.8879413604736,150
True,200,3480.2401065826416,150
True,200,3332.881212234497,150
True,200,3522.634267807007,150
True,200,3414.1793251037598,150
True,200,3575.1421451568604,150
True,200,3199.4524002075195,150
True,200,3271.892786026001,150
True,200,3413.1312370300293,150
True,200,3472.4884033203125,150
True,200,3429.3527603149414,150
True,200,3452.871084213257,150
True,200,3151.0159969329834,150
True,200,3618.4890270233154,150
True,200,3226.714849472046,150
True,200,3290.863275527954,150
True,200,3287.177085876465,150
True,200,3438.88258934021,150
True,200,3193.4902667999268,150
True,200,3434.241771697998,150
True,200,3316.8628215789795,150
True,200,3659.4290733337402,150
True,200,3225.8365154266357,150
True,200,3478.6548614501953,150
True,200,3263.8728618621826,150
True,200,3396.9058990478516,150
True,200,3203.7856578826904,150
True,200,3485.7702255249023,150
True,200,3521.1141109466553,150
True,200,3249.636173248291,150
True,200,3195.8162784576416,150
True,200,3500.9818077087402,150
True,200,3237.1764183044434,150
True,200,3048.625707626343,150
True,200,3698.7831592559814,150
True,200,3427.2608757019043,150
True,200,3210.876703262329,150
True,200,3276.639699935913,150
True,200,3742.3312664031982,150
True,200,3203.4685611724854,150
True,200,3699.526309967041,150
True,200,3262.484073638916,150
True,200,3925.262928009033,150
True,200,3300.198554992676,150
True,200,3421.6535091400146,150
True,200,3134.2341899871826,150
True,200,3461.437225341797,150
True,200,3287.440299987793,150
True,200,3473.1650352478027,150
True,200,3163.5384559631348,150
True,200,3449.953556060791,150
True,200,3347.6035594940186,150
True,200,3454.164743423462,150
True,200,3276.867628097534,150
True,200,2807.486057281494,150
True,200,3754.1632652282715,150
True,200,3078.0177116394043,150
True,200,3647.9640007019043,150
True,200,3418.8849925994873,150
True,200,3237.560987472534,150
True,200,3271.3608741760254,150
True,200,3495.603561401367,150
True,200,3281.7046642303467,150
True,200,3445.4569816589355,150
True,200,3416.0497188568115,150
True,200,3463.70792388916,150
True,200,3199.542284011841,150
True,200,3472.7485179901123,150
True,200,3314.2595291137695,150
True,200,3451.86185836792,150
True,200,3184.892177581787,150
True,200,3424.6652126312256,150
True,200,3220.8290100097656,150
True,200,3471.1577892303467,150
True,200,3287.4741554260254,150
True,200,3458.3840370178223,150
True,200,3200.914144515991,150
True,200,3454.4286727905273,150
True,200,3221.999406814575,150
True,200,3482.4275970458984,150
True,200,3206.0649394989014,150
True,200,3434.882402420044,150
True,200,3220.86763381958,150
True,200,3470.1976776123047,150
True,200,3311.2456798553467,150
True,200,3470.590353012085,150
True,200,3208.1167697906494,150
True,200,2966.496706008911,150
True,200,3779.6313762664795,150
True,200,3145.0581550598145,150
True,200,3482.213258743286,150
True,200,3451.4286518096924,150
True,200,4781.606197357178,150
True,200,3739.4347190856934,150
True,200,3174.2687225341797,150
True,200,3297.269821166992,150
True,200,3207.7279090881348,150
True,200,3462.9061222076416,150
True,200,3329.6778202056885,150
True,200,2837.8586769104004,150
True,200,3707.50093460083,150
True,200,3180.4487705230713,150
True,200,3700.9263038635254,150
True,200,3353.896379470825,150
True,200,3203.1774520874023,150
True,200,3751.1801719665527,150
True,200,5547.299861907959,150
True,200,3250.4167556762695,150
True,200,3218.9011573791504,150
True,200,3427.459955215454,150
True,200,3284.055709838867,150
True,200,3461.885929107666,150
True,200,3240.0598526000977,150
True,200,3436.480760574341,150
True,200,3217.200517654419,150
True,200,3503.0434131622314,150
True,200,3407.912015914917,150
True,200,3380.8460235595703,150
True,200,5696.0484981536865,150
True,200,6911.709308624268,150
True,200,6887.081623077393,150
True,200,6892.593860626221,150
True,200,6883.496522903442,150
True,200,6939.998149871826,150
True,200,6890.434265136719,150
True,200,6839.885950088501,150
True,200,6884.7692012786865,150
True,200,6922.008991241455,150
True,200,7137.629508972168,150
True,200,6915.491342544556,150
True,200,6698.848247528076,150
True,200,6890.095949172974,150
True,200,6902.028322219849,150
True,200,6888.999462127686,150
True,200,6899.5361328125,150
True,200,6923.635005950928,150
True,200,6915.236949920654,150
True,200,6895.92432975769,150
True,200,7596.848964691162,150
True,200,7429.117918014526,150
True,200,6822.307109832764,150
True,200,7658.716678619385,150
True,200,7381.874561309814,150
True,200,6746.760845184326,150
True,200,6903.86438369751,150
True,200,6889.318227767944,150
True,200,6909.363746643066,150
True,200,6989.208459854126,150
True,200,6938.737392425537,150
True,200,6990.9021854400635,150
True,200,7036.160945892334,150
True,200,6881.633281707764,150
True,200,6880.894184112549,150
True,200,6925.824403762817,150
True,200,7166.587829589844,150
True,200,6932.985782623291,150
True,200,6667.762517929077,150
True,200,6871.775150299072,150
True,200,6899.299144744873,150
True,200,7042.086124420166,150
True,200,6915.451765060425,150
True,200,6786.085844039917,150
True,200,6889.497518539429,150
True,200,6892.913103103638,150
True,200,6971.136093139648,150
True,200,6897.278070449829,150
True,200,6850.79550743103,150
True,200,7123.156547546387,150
True,200,6916.534423828125,150
True,200,6698.078632354736,150
True,200,6879.886150360107,150
True,200,6896.8353271484375,150
True,200,6929.049491882324,150
True,200,6903.237581253052,150
True,200,6870.485782623291,150
True,200,6913.236141204834,150
True,200,6927.021026611328,150
True,200,6904.715538024902,150
True,200,6890.182971954346,150
True,200,6849.610090255737,150
True,200,6895.277976989746,150
True,200,7481.16135597229,150
True,200,7355.145454406738,150
True,200,6833.224773406982,150
True,200,7292.193174362183,150
True,200,7198.174715042114,150
True,200,6823.885679244995,150
True,200,5431.796073913574,61
True,200,5941.578149795532,150
True,200,7419.594764709473,150
True,200,6914.988279342651,150
True,200,6924.094676971436,150
True,200,6912.712097167969,150
True,200,6904.36053276062,150
True,200,6928.330659866333,150
True,200,6942.614793777466,150
True,200,6973.030567169189,150
True,200,6946.706295013428,150
True,200,6894.113779067993,150
True,200,6877.577781677246,150
True,200,6906.870603561401,150
True,200,6907.017707824707,150
True,200,6922.281265258789,150
True,200,6918.814659118652,150
True,200,6901.792049407959,150
True,200,6974.4696617126465,150
True,200,6929.078578948975,150
True,200,6889.935731887817,150
True,200,6897.806167602539,150
True,200,6880.802631378174,150
True,200,6884.860515594482,150
True,200,6890.281915664673,150
True,200,6907.83429145813,150
True,200,6905.840635299683,150
True,200,6934.68165397644,150
True,200,6891.123056411743,150
True,200,6882.958650588989,150
True,200,6873.716354370117,150
True,200,6867.468595504761,150
True,200,7074.466943740845,150
True,200,7076.261520385742,150
True,200,6919.518232345581,150
True,200,6881.782293319702,150
True,200,7302.651405334473,150
True,200,8261.676788330078,150
True,200,7804.420232772827,150
True,200,6913.209915161133,150
True,200,6914.32785987854,150
True,200,6860.056638717651,150
True,200,6917.471408843994,150
True,200,6939.781188964844,150
True,200,6893.965482711792,150
True,200,7054.331064224243,150
True,200,7092.502117156982,150
True,200,7409.876823425293,150
True,200,7924.674272537231,150
True,200,7465.86012840271,150
True,200,6893.657922744751,150
True,200,6850.7561683654785,150
True,200,6900.607109069824,150
True,200,6902.8613567352295,150
True,200,6952.512264251709,150
True,200,7023.853540420532,150
True,200,7111.324071884155,150
True,200,6857.227087020874,150
True,200,6712.3072147369385,150
True,200,6934.332847595215,150
True,200,6889.350175857544,150
True,200,6869.658946990967,150
True,200,6917.036294937134,150
True,200,5621.117353439331,71
True,200,5960.19434928894,150
True,200,7218.461513519287,150
True,200,6852.73551940918,150
True,200,6897.0160484313965,150
True,200,6891.598463058472,150
True,200,6983.880043029785,150
True,200,6873.930215835571,150
True,200,6808.823585510254,150
True,200,6930.255174636841,150
True,200,3430.9418201446533,150
True,200,7276.118755340576,150
True,200,3031.3687324523926,150
True,200,3652.899742126465,150
True,200,3400.5186557769775,150
True,200,3251.181125640869,150
True,200,3227.8850078582764,150
True,200,3432.915210723877,150
True,200,3316.178798675537,150
True,200,3451.4427185058594,150
True,200,3131.7272186279297,150
True,200,3468.113899230957,150
True,200,3334.3935012817383,150
True,200,3431.1318397521973,150
True,200,3209.1941833496094,150
True,200,3501.753807067871,150
True,200,3301.7470836639404,150
True,200,3453.1772136688232,150
True,200,3212.6431465148926,150
True,200,3392.397403717041,150
True,200,3230.6864261627197,150
True,200,3439.2030239105225,150
True,200,3216.1200046539307,150
True,200,3450.2041339874268,150
True,200,3282.240867614746,150
True,200,3439.6886825561523,150
True,200,3208.939552307129,150
True,200,3452.7926445007324,150
True,200,3431.514263153076,150
True,200,3476.569175720215,150
True,200,3172.455310821533,150
True,200,3475.407123565674,150
True,200,3174.346446990967,150
True,200,2937.9570484161377,150
True,200,3771.8663215637207,150
True,200,3172.666311264038,150
True,200,3555.3483963012695,150
True,200,3373.4588623046875,150
True,200,3374.3927478790283,150
True,200,3482.478380203247,150
True,200,4638.146638870239,150
True,200,3460.630416870117,150
True,200,3270.4360485076904,150
True,200,3455.831289291382,150
True,200,3240.3717041015625,150
True,200,3431.0097694396973,150
True,200,3333.0867290496826,150
True,200,3443.4244632720947,150
True,200,3269.8137760162354,150
True,200,2920.7286834716797,150
True,200,3703.2783031463623,150
True,200,3211.186408996582,150
True,200,3484.6715927124023,150
True,200,3268.634080886841,150
True,200,3410.309314727783,150
True,200,3280.1265716552734,150
True,200,3485.687494277954,150
True,200,3266.129732131958,150
True,200,3391.970157623291,150
True,200,3243.828058242798,150
True,200,3458.7316513061523,150
True,200,3221.301794052124,150
True,200,3453.1490802764893,150
True,200,3243.116617202759,150
True,200,3420.691728591919,150
True,200,3194.84543800354,150
True,200,3446.8555450439453,150
True,200,3282.9301357269287,150
True,200,3456.8355083465576,150
True,200,3204.30588722229,150
True,200,3783.0352783203125,150
True,200,3285.6647968292236,150
True,200,3473.0305671691895,150
True,200,3186.096668243408,150
True,200,3429.0261268615723,150
True,200,3245.422124862671,150
True,200,3461.1456394195557,150
True,200,3283.032178878784,150
True,200,2932.0952892303467,150
True,200,3779.6764373779297,150
True,200,3094.3965911865234,150
True,200,3513.188600540161,150
True,200,3325.576066970825,150
True,200,3373.181104660034,150
True,200,3293.8718795776367,150
True,200,3582.768440246582,150
True,200,3219.89107131958,150
True,200,4058.192014694214,150
True,200,3294.5804595947266,150
True,200,3999.769926071167,150
True,200,3439.9774074554443,150
True,200,3675.5728721618652,150
True,200,3249.9544620513916,150
True,200,3429.58402633667,150
True,200,3186.6469383239746,150
True,200,3489.178419113159,150
True,200,3289.3118858337402,150
True,200,2862.8485202789307,150
True,200,3964.904308319092,150
True,200,2943.5880184173584,150
True,200,3716.5255546569824,150
True,200,3328.8567066192627,150
True,200,3620.243549346924,150
True,200,3258.5506439208984,150
True,200,5068.904876708984,150
True,200,3481.1205863952637,150
True,200,3309.1635704040527,150
True,200,3789.036989212036,150
True,200,3238.736629486084,150
True,200,3460.845947265625,150
True,200,3472.184896469116,150
True,200,3459.244966506958,150
True,200,3163.527488708496,150
True,200,3449.932336807251,150
True,200,3358.6316108703613,150
True,200,3845.669984817505,150
True,200,3132.9076290130615,150
True,200,3376.181125640869,150
True,200,4131.988048553467,150
True,200,3232.632875442505,150
True,200,3605.2823066711426,150
True,200,3438.753604888916,150
True,200,3423.6807823181152,150
True,200,3160.383462905884,150
True,200,3680.570125579834,150
True,200,3460.207939147949,150
True,200,3204.5438289642334,150
True,200,3206.364154815674,150
True,200,3451.4517784118652,150
True,200,3221.7063903808594,150
True,200,3446.044445037842,150
True,200,3265.0225162506104,150
True,200,3471.45414352417,150
True,200,3244.506359100342,150
True,200,3418.7638759613037,150
True,200,3201.5793323516846,150
True,200,3454.3917179107666,150
True,200,3257.779359817505,150
True,200,3462.635040283203,150
True,200,3252.4335384368896,150
True,200,2860.5051040649414,150
True,200,3768.8708305358887,150
True,200,3081.1383724212646,150
True,200,3577.6946544647217,150
True,200,3428.3578395843506,150
True,200,3293.903350830078,150
True,200,3200.1750469207764,150
True,200,3437.509775161743,150
True,200,3317.402124404907,150
True,200,3480.825424194336,150
True,200,3223.4411239624023,150
True,200,3452.470302581787,150
True,200,3279.7622680664062,150
True,200,3636.176109313965,150
True,200,3378.9381980895996,150
True,200,3452.6968002319336,150
True,200,3203.462600708008,150
True,200,3231.2071323394775,150
True,200,3226.8118858337402,150
True,200,3496.8786239624023,150
True,200,3260.5953216552734,150
True,200,3576.4565467834473,150
True,200,3196.106195449829,150
True,200,3436.7377758026123,150
True,200,3295.2816486358643,150
True,200,3476.902961730957,150
True,200,3358.0870628356934,150
True,200,3569.316864013672,150
True,200,3402.2915363311768,150
True,200,3284.13462638855,150
True,200,3161.296606063843,150
True,200,3627.0251274108887,150
True,200,3231.688976287842,150
True,200,3255.1352977752686,150
True,200,3292.530298233032,150
True,200,2952.2078037261963,150
True,200,3864.1982078552246,150
True,200,3177.961587905884,150
True,200,3523.3402252197266,150
True,200,3284.1758728027344,150
True,200,3432.1250915527344,150
True,200,3297.9483604431152,150
True,200,3492.229461669922,150
True,200,3260.8704566955566,150
True,200,4365.29541015625,150
True,200,3227.4749279022217,150
True,200,3271.7642784118652,150
True,200,3285.5818271636963,150
True,200,3411.7958545684814,150
True,200,3234.8668575286865,150
True,200,3368.7565326690674,150
True,200,3272.0022201538086,150
True,200,3873.1613159179688,150
True,200,3207.3912620544434,150
True,200,3472.623586654663,150
True,200,3260.2179050445557,150
True,200,3446.153163909912,150
True,200,3423.9041805267334,150
True,200,3456.58540725708,150
True,200,3450.6995677948,150
True,200,3447.2501277923584,150
True,200,4114.504337310791,150
True,200,3523.212671279907,150
True,200,3286.1804962158203,150
True,200,3390.9385204315186,150
True,200,3236.400604248047,150
True,200,3434.12184715271,150
True,200,3222.454309463501,150
True,200,3484.52091217041,150
True,200,3265.488624572754,150
True,200,3669.0287590026855,150
True,200,3520.744800567627,150
True,200,3213.6917114257812,150
True,200,3598.475217819214,150
True,200,3290.053606033325,150
True,200,3761.986494064331,150
True,200,3257.800579071045,150
True,200,3657.4902534484863,150
True,200,3180.469751358032,150
True,200,3449.8329162597656,150
True,200,3351.818323135376,150
True,200,3480.6928634643555,150
True,200,3249.8779296875,150
True,200,3493.4873580932617,150
True,200,3211.87162399292,150
True,200,3822.370767593384,150
True,200,3249.4583129882812,150
True,200,3186.60044670105,150
True,200,3240.955352783203,150
True,200,3014.235258102417,150
True,200,3753.2520294189453,150
True,200,3427.802562713623,150
True,200,3259.9081993103027,150
True,200,3189.1322135925293,150
True,200,3482.7330112457275,150
True,200,3490.436315536499,150
True,200,3451.0421752929688,150
True,200,3159.550189971924,150
True,200,3679.9111366271973,150
True,200,3261.838436126709,150
True,200,3276.6847610473633,150
True,200,1765.5751705169678,62
True,200,3414.7634506225586,150
True,200,3979.8054695129395,150
True,200,3475.19588470459,150
True,200,3293.166160583496,150
True,200,3460.1643085479736,150
True,200,3266.923666000366,150
True,200,3681.2667846679688,150
True,200,3301.3339042663574,150
True,200,3503.8318634033203,150
True,200,3476.238965988159,150
True,200,3199.9237537384033,150
True,200,3148.811101913452,150
True,200,3479.8526763916016,150
True,200,3239.2683029174805,150
True,200,3046.9183921813965,150
True,200,3702.3513317108154,150
True,200,3205.7063579559326,150
True,200,3528.294324874878,150
True,200,3323.4307765960693,150
True,200,3367.206573486328,150
True,200,3827.2836208343506,150
True,200,4467.847108840942,150
True,200,3193.0673122406006,150
True,200,3152.9455184936523,150
True,200,3425.048351287842,150
True,200,3352.8904914855957,150
True,200,3446.4757442474365,150
True,200,3240.544557571411,150
True,200,3022.3922729492188,150
True,200,3672.1487045288086,150
True,200,3234.2770099639893,150
True,200,3540.6877994537354,150
True,200,3382.059097290039,150
True,200,3479.0635108947754,150
True,200,1632.2147846221924,64
True,200,3413.788080215454,150
True,200,3768.566131591797,150
True,200,3514.843463897705,150
True,200,3494.622230529785,150
True,200,3594.0136909484863,150
True,200,3219.0146446228027,150
True,200,3250.5242824554443,150
True,200,3617.7966594696045,150
True,200,3771.4600563049316,150
True,200,3378.9944648742676,150
True,200,3883.333921432495,150
True,200,3261.388063430786,150
True,200,3717.4763679504395,150
True,200,3509.413957595825,150
True,200,2844.932794570923,150
True,200,3793.0004596710205,150
True,200,3393.9807415008545,150
True,200,3281.602144241333,150
True,200,3209.667205810547,150
True,200,3436.664581298828,150
True,200,3270.442008972168,150
True,200,3460.409641265869,150
True,200,3235.124111175537,150
True,200,3664.048194885254,150
True,200,3253.614664077759,150
True,200,3642.8728103637695,150
True,200,3201.3416290283203,150
True,200,3400.5467891693115,150
True,200,3370.912790298462,150
True,200,3455.0700187683105,150
True,200,3201.9457817077637,150
True,200,3459.9506855010986,150
True,200,3202.4097442626953,150
True,200,3433.7916374206543,150
True,200,3450.962543487549,150
True,200,3449.864149093628,150
True,200,3231.3923835754395,150
True,200,3469.306707382202,150
True,200,3236.0360622406006,150
True,200,3460.9246253967285,150
True,200,3278.625249862671,150
True,200,3442.854642868042,150
True,200,3261.8823051452637,150
True,200,2961.376428604126,150
True,200,3699.1424560546875,150
True,200,3415.1737689971924,150
True,200,3240.6673431396484,150
True,200,3501.2712478637695,150
True,200,4699.409961700439,150
True,200,3466.8519496917725,150
True,200,3209.6571922302246,150
True,200,3462.5205993652344,150
True,200,3228.135347366333,150
True,200,3437.800645828247,150
True,200,3325.921058654785,150
True,200,2285.628318786621,64
True,200,2817.2779083251953,150
True,200,3700.878143310547,150
True,200,3474.0500450134277,150
True,200,3269.1566944122314,150
True,200,3446.4852809906006,150
True,200,3274.669647216797,150
True,200,3477.670669555664,150
True,200,3174.9792098999023,150
True,200,3433.321714401245,150
True,200,3310.8036518096924,150
True,200,3452.885389328003,150
True,200,3242.9394721984863,150
True,200,3730.637788772583,150
True,200,3220.484733581543,150
True,200,3442.2738552093506,150
True,200,3242.624521255493,150
True,200,3474.7660160064697,150
True,200,3309.7641468048096,150
True,200,2809.269666671753,150
True,200,3854.688882827759,150
